,St. Lawrence Is.,Outer Aleutians,Alaska Peninsula,Chugach National Forest,South East Ak,Canada
2006-01,-12.3,-1.5,-4.5,-2.6,0.1,6.1
2006-02,-13.3,-1.9,-2.7,-0.8,2.0,6.6
2006-03,-13.5,-0.2,-0.6,0.6,2.7,8.2
2006-04,-9.0,1.5,1.5,3.4,4.5,9.5
2006-05,-1.3,3.8,5.8,7.5,7.6,12.0
2006-06,5.2,5.7,9.0,11.7,10.1,15.0
2006-07,8.9,8.3,10.9,13.2,13.6,18.3
2006-08,9.3,9.5,11.8,13.2,14.7,19.7
2006-09,6.5,8.6,9.4,9.3,11.0,15.4
2006-10,1.0,5.4,4.4,5.4,7.4,11.8
2006-11,-3.7,1.5,-0.5,0.5,4.7,8.3
2006-12,-8.7,-0.4,-3.1,-2.5,2.1,5.3
2007-01,-10.8,-1.2,-3.4,-1.3,-0.6,4.0
2007-02,-17.8,-1.8,-6.7,-3.0,2.4,7.8
2007-03,-11.2,-0.3,0.6,2.6,2.5,7.7
2007-04,-7.4,1.5,1.8,3.5,5.5,10.2
2007-05,-0.1,3.8,5.3,7.4,8.5,13.6
2007-06,5.6,5.8,9.0,12.4,11.2,15.6
2007-07,9.1,8.8,12.2,14.4,14.0,18.7
2007-08,9.9,10.7,12.6,12.9,14.0,18.8
2007-09,6.5,9.4,9.5,9.0,11.0,16.7
2007-10,1.9,6.0,4.6,4.4,6.8,11.8
2007-11,-3.5,2.6,-0.2,-3.8,0.9,6.3
2007-12,-5.2,0.7,-2.3,-2.9,-0.6,4.5
2008-01,-12.4,-0.5,-2.4,-1.6,-3.0,3.7
2008-02,-15.3,-0.9,-1.2,-0.5,1.6,7.1
2008-03,-9.9,0.2,0.8,1.4,1.3,6.8
2008-04,-9.4,1.9,1.5,2.7,5.0,9.3
2008-05,-0.8,3.8,5.4,7.3,7.6,12.8
2008-06,5.1,6.5,9.6,11.8,10.9,16.2
2008-07,9.1,9.5,12.9,14.8,13.7,18.4
2008-08,9.3,10.7,12.5,13.0,13.2,18.6
2008-09,6.4,9.6,10.1,9.0,10.1,14.8
2008-10,2.0,6.1,4.8,5.3,6.7,11.2
2008-11,-0.6,3.3,-0.1,-2.6,2.1,7.9
2008-12,-3.2,1.0,-4.1,-4.4,-0.7,5.8
2009-01,-10.6,-0.4,-5.2,-4.5,-2.8,5.1
2009-02,-13.1,-0.7,-2.5,-0.9,2.9,7.2
2009-03,-14.1,-0.0,-0.9,1.0,2.9,8.4
2009-04,-8.6,1.6,2.1,4.2,5.6,10.4
2009-05,-1.1,3.5,5.8,8.1,9.0,13.7
2009-06,5.6,6.0,10.1,13.2,11.0,16.0
2009-07,9.4,8.4,12.3,14.4,14.0,18.4
2009-08,9.2,10.0,12.8,13.4,14.2,19.0
2009-09,6.0,8.9,9.6,9.4,11.6,16.6
2009-10,1.1,6.2,4.4,5.6,7.8,12.7
2009-11,-3.8,2.5,-0.2,-1.4,1.8,6.7
2009-12,-5.6,0.4,-0.7,-2.1,0.5,3.6
2010-01,-11.4,-0.8,-3.7,-3.0,-1.4,5.4
2010-02,-18.6,-1.0,-5.2,-2.6,1.8,7.7
2010-03,-14.6,0.1,-1.2,0.4,2.7,9.2
2010-04,-8.8,2.2,1.3,4.0,5.8,10.4
2010-05,-0.6,4.1,5.9,7.9,8.2,13.4
2010-06,5.8,6.8,9.5,12.8,10.9,16.3
2010-07,8.8,9.5,11.9,14.1,13.6,19.2
2010-08,9.3,10.6,12.4,13.0,13.8,18.7
2010-09,6.7,9.8,9.9,10.2,11.5,16.1
2010-10,1.3,5.6,4.6,6.4,7.7,11.6
2010-11,-1.2,2.3,0.3,0.3,3.2,7.5
2010-12,-3.5,0.7,-1.6,-1.4,1.0,4.5
2011-01,-10.3,-0.6,-2.0,-0.5,0.1,4.9
2011-02,-15.1,-1.1,-2.4,-0.3,3.5,7.5
2011-03,-14.5,-0.0,-0.4,1.1,3.3,8.4
2011-04,-9.0,1.9,1.8,4.2,5.4,9.4
2011-05,-0.0,4.0,6.4,8.4,8.2,13.6
2011-06,5.8,6.5,10.2,12.6,11.4,16.6
2011-07,9.7,9.0,13.2,15.9,15.0,18.7
2011-08,9.7,9.5,12.9,13.4,14.1,19.0
2011-09,6.5,9.2,10.3,9.2,10.6,15.7
2011-10,1.5,6.3,3.2,2.9,6.1,10.8
2011-11,-4.9,3.1,-1.2,-3.1,2.5,8.0
2011-12,-10.2,0.7,-5.1,-4.7,1.0,6.2
2012-01,-10.5,0.1,-5.2,-3.9,-3.1,4.2
2012-02,-16.9,-0.8,-4.9,-2.6,2.0,7.9
2012-03,-12.9,0.4,-1.3,0.7,1.8,6.9
2012-04,-9.3,1.6,0.7,2.9,4.9,9.4
2012-05,-1.4,3.9,5.1,7.2,7.5,13.5
2012-06,4.9,6.4,9.7,12.4,13.1,17.2
2012-07,9.2,8.7,12.3,15.2,14.4,19.8
2012-08,8.6,10.1,12.7,12.9,13.2,18.9
2012-09,5.6,9.5,9.2,8.9,11.1,16.1
2012-10,0.1,6.0,3.2,4.4,6.7,11.4
2012-11,-2.9,2.2,-0.2,0.5,3.9,8.1
2012-12,-8.6,0.5,-3.4,-2.6,1.2,6.5
2013-01,-11.6,-0.4,-4.5,-3.3,-3.0,4.2
2013-02,-14.4,-0.2,-4.4,-2.5,0.3,5.3
2013-03,-12.2,-0.1,-0.9,0.7,2.1,7.7
2013-04,-9.8,1.9,1.8,4.1,5.4,10.3
2013-05,-0.0,4.1,5.7,8.2,8.4,13.6
2013-06,5.5,6.6,9.6,11.8,10.8,16.5
2013-07,9.3,8.5,11.9,14.3,14.3,19.0
2013-08,9.5,9.7,12.0,13.0,14.1,18.7
2013-09,6.4,8.9,10.0,10.5,11.8,16.8
2013-10,0.9,5.6,4.1,5.2,7.6,12.0
2013-11,-1.6,2.1,1.3,-1.0,1.6,7.2
2013-12,-4.0,1.0,-3.0,-4.4,-1.8,4.0
2014-01,-13.2,-1.4,-2.6,1.2,1.4,5.8
2014-02,-15.6,-0.9,-3.5,-1.6,2.3,8.6
2014-03,-13.2,-0.5,0.8,3.4,4.4,9.1
2014-04,-9.9,1.6,2.0,4.2,6.4,10.9
2014-05,-0.0,3.7,6.0,8.4,9.0,14.2
2014-06,5.2,6.1,10.3,12.6,11.5,16.7
2014-07,9.5,8.6,12.4,13.5,13.2,19.3
2014-08,9.9,10.1,12.8,13.4,14.5,19.7
2014-09,6.9,9.2,10.5,10.2,12.0,17.1
2014-10,1.5,6.0,4.3,5.8,7.6,12.0
2014-11,-1.0,2.4,0.4,-0.8,3.2,7.2
2014-12,-5.7,0.8,-2.6,-3.5,-0.5,4.8
2015-01,-12.4,-0.6,-6.8,-6.8,-3.2,5.4
2015-02,-16.8,-1.0,-5.4,-3.0,2.5,8.1
2015-03,-13.7,0.1,-2.0,-0.6,2.3,8.5
2015-04,-8.7,1.7,1.4,3.6,5.1,10.0
2015-05,-1.0,3.9,4.9,7.2,7.2,13.8
2015-06,4.2,6.4,8.6,11.1,10.7,16.2
2015-07,8.3,8.8,12.1,14.2,14.5,18.9
2015-08,8.4,10.2,11.7,12.3,13.4,18.6
2015-09,4.9,9.3,8.8,8.5,10.6,15.7
2015-10,0.9,6.1,3.6,4.0,6.8,11.4
2015-11,-2.1,2.8,0.9,-0.5,3.0,7.5
2015-12,-8.8,0.6,-2.9,-5.3,-1.3,5.3
2016-01,-12.2,-0.2,-4.5,-6.3,-4.1,4.6
2016-02,-16.3,-0.8,-4.6,-1.6,0.9,7.7
2016-03,-13.3,0.4,-0.5,2.0,4.3,9.2
2016-04,-7.4,1.9,2.2,4.6,6.7,11.0
2016-05,0.4,3.8,5.7,8.9,9.4,14.0
2016-06,5.5,6.1,9.5,13.2,11.5,17.0
2016-07,8.7,8.5,12.2,14.6,13.2,18.2
2016-08,9.0,10.0,12.7,14.4,14.0,18.2
2016-09,6.8,9.1,10.3,10.2,11.5,15.4
2016-10,1.7,5.9,4.2,4.8,7.1,11.0
2016-11,-4.0,2.0,-0.9,-2.1,3.0,7.8
2016-12,-7.0,0.8,-3.1,-4.8,-2.0,4.5
2017-01,-13.6,-0.5,-4.8,-3.8,-3.0,4.3
2017-02,-15.0,-0.6,-3.1,-1.5,1.2,6.7
2017-03,-13.6,0.4,-1.5,-0.4,1.9,8.0
2017-04,-8.5,1.8,1.4,4.2,6.1,10.2
2017-05,-0.8,3.5,5.5,8.1,8.4,12.1
2017-06,5.4,6.0,8.5,12.6,12.0,16.3
2017-07,8.7,8.5,11.9,14.4,13.4,19.4
2017-08,9.6,10.2,13.0,14.1,13.9,19.0
2017-09,6.6,9.6,10.1,10.0,11.3,16.6
2017-10,1.2,6.1,3.5,4.7,6.7,11.5
2017-11,-4.2,1.6,0.4,-0.1,4.3,8.4
2017-12,-8.9,0.1,-2.9,-3.9,-0.1,5.6
2018-01,-11.7,-0.6,-4.1,-4.3,-2.5,4.6
2018-02,-13.8,-1.3,-4.9,-2.9,0.2,6.5
2018-03,-14.3,-0.4,-2.1,0.7,2.9,8.7
2018-04,-6.7,1.9,1.5,3.2,5.9,10.0
2018-05,0.1,3.6,5.3,8.0,8.1,12.9
2018-06,5.5,6.1,8.6,13.0,12.2,16.2
2018-07,8.7,8.5,11.8,13.9,13.5,19.8
2018-08,9.9,9.7,12.3,13.5,13.9,19.6
2018-09,6.8,9.2,9.9,9.6,11.2,16.6
2018-10,1.7,6.1,3.0,3.6,6.7,11.9
2018-11,-2.2,2.4,0.5,-0.7,3.5,8.3
2018-12,-7.6,0.5,-2.2,-2.7,1.0,4.5
2019-01,-13.5,-0.5,-7.5,-8.3,-3.3,5.6
2019-02,-14.4,-1.4,-2.8,-3.0,-0.1,6.4
2019-03,-14.4,-0.8,-1.5,1.2,2.7,7.6
2019-04,-8.5,1.4,1.2,3.8,5.0,9.7
2019-05,-0.7,3.4,5.3,7.7,8.1,13.3
2019-06,4.3,6.0,9.5,12.5,11.0,16.4
2019-07,8.6,8.6,12.0,13.5,12.9,18.7
2019-08,9.4,9.8,12.8,13.8,14.1,18.9
2019-09,5.6,8.7,9.2,9.6,10.9,17.1
2019-10,0.7,6.4,2.5,3.4,7.0,12.4
2019-11,-3.3,2.1,-0.2,-1.4,2.9,8.0
2019-12,-4.2,0.2,0.2,-0.6,0.3,3.9
2020-01,-12.5,-1.2,-3.6,-3.2,-2.3,4.8
2020-02,-12.9,-1.4,-2.3,-0.7,1.4,7.3
2020-03,-12.8,-0.5,-1.7,-1.4,1.4,7.9
2020-04,-8.3,1.7,1.3,2.9,4.5,10.4
2020-05,0.4,3.4,5.5,7.6,8.2,13.6
2020-06,5.5,6.1,9.2,11.7,10.5,15.5
2020-07,9.2,9.1,12.4,14.4,12.9,18.2
2020-08,8.6,10.4,12.5,12.6,13.0,19.3
2020-09,6.0,9.3,9.3,8.9,11.1,16.6
2020-10,1.8,6.3,4.9,5.0,7.1,11.0
2020-11,-1.7,2.6,0.7,-2.8,1.5,7.3
2020-12,-4.7,0.4,-2.0,-2.7,1.3,5.9
2021-01,-10.0,-0.5,-4.9,-4.2,-0.7,6.3
2021-02,-15.2,-0.5,-3.9,-2.1,1.2,8.0
2021-03,-12.8,-0.0,-1.0,1.0,3.1,8.9
2021-04,-7.0,1.8,1.8,4.0,5.5,10.5
2021-05,-0.5,3.8,5.2,7.4,8.2,13.6
2021-06,5.1,6.7,9.3,12.4,12.2,16.6
2021-07,9.0,9.3,12.3,14.6,14.6,19.6
2021-08,9.5,10.6,12.8,13.3,14.3,19.6
2021-09,6.0,9.7,9.7,9.5,11.1,16.4
2021-10,1.0,6.1,3.9,5.7,8.0,12.2
2021-11,-0.7,2.6,0.8,-0.8,1.6,6.6
2021-12,-4.9,0.7,-2.9,-2.8,1.1,6.6
2022-01,-11.7,-0.3,-3.5,-2.0,-0.5,5.8
2022-02,-13.4,-0.3,-3.0,-2.4,-1.0,6.5
2022-03,-11.6,0.8,-1.0,1.2,2.4,8.3
2022-04,-8.0,2.4,2.1,4.8,6.1,10.4
2022-05,-0.4,4.3,4.6,7.1,7.7,12.5
2022-06,5.9,6.2,9.4,12.6,11.2,16.5
2022-07,9.3,8.5,11.5,13.7,13.3,19.2
2022-08,9.2,10.6,11.9,13.2,13.7,19.8
2022-09,5.9,9.4,9.3,9.7,11.2,17.0
2022-10,1.6,6.7,4.1,3.6,5.8,10.4
2022-11,-1.5,3.1,-0.4,-1.7,3.0,7.6
2022-12,-3.7,1.2,-1.3,-2.6,-1.2,4.3
2023-01,-8.6,-0.4,-1.6,-0.6,0.8,7.0
2023-02,-12.0,-0.7,-2.5,0.1,1.9,7.7
2023-03,-11.5,0.3,-0.1,0.5,2.7,8.6
2023-04,-6.1,2.2,2.6,4.4,6.0,11.4
2023-05,0.1,4.2,5.8,8.2,8.3,13.9
2023-06,6.1,6.6,9.6,12.7,10.7,16.7
2023-07,10.1,9.4,12.6,14.7,14.0,20.2
2023-08,9.6,11.0,12.7,13.4,14.2,19.4
2023-09,7.0,9.7,10.5,10.0,11.3,17.3
2023-10,1.8,6.6,4.7,4.4,7.1,12.3
2023-11,-0.5,3.5,-0.4,-2.3,1.5,8.0
2023-12,-5.0,1.4,-1.6,-1.9,0.8,5.4
2024-01,-6.9,-0.3,-1.5,-0.1,-1.0,3.9
2024-02,-13.5,-0.5,-2.5,-0.7,0.6,6.8
2024-03,-11.1,0.5,1.2,2.4,2.9,8.8
2024-04,-8.1,2.1,2.5,4.3,5.9,10.8
2024-05,-0.1,4.4,6.5,8.5,8.6,13.8
2024-06,5.8,6.5,10.7,13.4,11.6,16.3
2024-07,10.0,8.9,13.2,15.1,13.9,18.5
2024-08,10.1,10.4,13.7,14.2,14.3,19.5
2024-09,6.8,9.2,10.3,9.5,11.0,15.7
2024-10,1.3,6.3,4.1,5.6,7.7,12.6
2024-11,-0.2,2.5,2.6,2.6,4.2,7.3
2024-12,-0.7,1.3,-1.3,-2.0,-0.8,4.1
2025-01,-9.2,-0.1,-3.6,-3.2,-2.6,3.3
2025-02,-13.6,-0.7,-1.1,-0.6,1.2,7.1
2025-03,-13.7,-0.5,0.3,2.2,4.5,8.6
2025-04,-10.1,1.8,2.3,4.0,5.8,10.5
2025-05,-0.7,4.2,6.2,8.1,9.0,14.4
2025-06,5.9,6.6,9.7,13.1,11.9,16.7
2025-07,9.3,9.1,12.7,14.2,14.1,19.4
2025-08,10.0,10.5,13.3,14.5,15.6,20.3
2025-09,6.7,10.3,10.1,9.8,11.1,15.9
2025-10,2.3,6.9,4.7,5.5,6.8,12.3
2025-11,-2.3,3.8,-1.0,-3.4,1.3,7.9
2025-12,-4.5,1.6,-2.5,-3.1,-0.4,5.3
2026-01,-12.2,-0.0,-3.7,-3.0,-1.0,6.5
2026-02,-17.6,-0.6,-3.8,-1.8,3.2,9.0
2026-03,-14.1,0.7,-1.3,1.7,3.6,7.9
2026-04,-8.0,2.6,1.8,5.1,6.3,10.9
2026-05,-0.1,4.6,6.2,9.0,9.0,13.4
2026-06,5.7,7.1,10.4,14.2,12.0,17.0
2026-07,8.8,10.2,12.9,15.0,13.7,19.6
2026-08,9.2,11.2,12.7,13.1,14.5,20.1
2026-09,5.8,10.6,9.0,9.4,11.0,16.5
2026-10,1.7,6.8,3.8,5.0,6.9,11.7
2026-11,-1.9,3.2,0.5,-0.9,2.3,6.9
2026-12,-4.7,0.9,-2.4,-4.1,0.4,5.4
2027-01,-6.4,-0.1,-3.2,-1.3,-1.1,6.0
2027-02,-12.5,-0.4,-3.2,-0.7,2.4,7.8
2027-03,-13.3,0.3,-0.5,1.3,3.5,8.6
2027-04,-7.3,1.9,1.1,4.2,5.9,10.6
2027-05,-0.0,4.1,5.4,8.0,8.2,14.4
2027-06,6.1,6.4,9.9,13.2,12.3,17.0
2027-07,9.4,8.9,13.1,15.5,14.0,19.6
2027-08,9.7,10.0,13.2,13.0,14.2,20.3
2027-09,7.0,9.6,10.7,10.9,12.5,17.8
2027-10,3.4,6.8,5.3,6.1,7.6,11.3
2027-11,-1.3,2.8,0.4,-0.5,3.8,7.5
2027-12,-4.2,1.1,-1.1,-0.2,2.1,4.8
2028-01,-11.8,-0.6,-2.5,-0.4,0.3,4.8
2028-02,-13.8,-1.0,-1.9,0.7,3.8,8.3
2028-03,-12.7,-0.1,-1.5,0.6,4.5,10.0
2028-04,-7.9,2.1,2.2,5.2,7.4,11.2
2028-05,0.7,4.2,6.8,9.6,9.7,13.4
2028-06,6.3,6.7,10.1,14.2,13.1,17.0
2028-07,9.8,9.2,12.9,14.7,14.2,18.7
2028-08,9.7,10.4,13.3,14.7,15.5,19.0
2028-09,7.2,9.8,10.4,9.9,11.8,16.6
2028-10,2.6,6.6,5.0,5.5,7.7,11.4
2028-11,0.3,3.9,0.3,-3.0,-0.0,7.0
2028-12,-2.8,1.6,-2.9,-5.6,-0.6,5.8
2029-01,-8.0,0.4,-2.6,-2.2,-2.4,5.2
2029-02,-12.9,0.3,-3.1,-1.9,1.0,6.7
2029-03,-11.0,1.3,-1.4,0.3,2.5,7.6
2029-04,-6.3,3.0,3.0,4.9,6.0,10.3
2029-05,0.4,4.9,5.8,8.1,8.3,13.0
2029-06,6.0,7.1,9.4,12.9,11.7,16.7
2029-07,9.6,9.9,12.1,14.1,14.0,19.2
2029-08,9.7,11.4,13.0,13.5,14.0,19.7
2029-09,7.5,10.6,11.2,10.7,12.0,17.5
2029-10,2.8,7.0,5.6,6.7,8.7,12.7
2029-11,-0.6,3.8,1.8,-0.5,3.6,8.7
2029-12,-3.9,0.9,-0.0,-1.8,0.2,5.7
2030-01,-7.6,0.4,-2.1,-2.3,-1.0,5.1
2030-02,-10.5,-0.2,-1.5,0.7,2.9,8.0
2030-03,-10.8,-0.1,1.0,3.6,4.9,10.1
2030-04,-7.4,2.5,2.7,4.8,6.6,10.9
2030-05,-0.3,4.3,7.2,8.7,9.6,14.6
2030-06,6.8,6.9,11.2,13.9,12.7,17.2
2030-07,9.7,9.3,13.0,15.0,14.4,19.2
2030-08,10.0,10.8,14.0,14.4,15.7,20.3
2030-09,7.3,10.0,10.8,10.5,12.4,17.7
2030-10,3.1,6.7,5.4,6.0,8.4,13.0
2030-11,-1.0,2.6,0.7,-0.5,3.0,9.1
2030-12,-4.6,1.0,-0.7,-2.5,1.2,6.6
2031-01,-9.4,0.2,-3.8,-2.5,-1.6,5.1
2031-02,-13.6,-0.1,-2.5,-2.0,0.8,6.3
2031-03,-10.3,0.7,1.9,3.4,2.1,7.4
2031-04,-6.7,2.4,2.9,4.9,6.5,10.8
2031-05,0.8,4.3,6.7,9.4,8.7,13.4
2031-06,7.1,6.8,10.3,14.3,12.8,17.0
2031-07,10.0,9.7,13.1,15.5,15.7,18.7
2031-08,10.1,11.2,13.7,14.5,15.5,19.8
2031-09,6.5,10.2,10.0,9.1,11.6,17.1
2031-10,2.2,7.0,4.4,5.3,7.7,12.4
2031-11,-0.0,3.6,1.5,0.3,3.8,8.4
2031-12,-4.0,1.4,-0.6,1.0,3.4,6.4
2032-01,-7.4,0.4,-1.7,-1.1,-2.3,3.9
2032-02,-11.0,-0.3,-2.0,-0.5,2.7,7.3
2032-03,-12.3,0.4,-0.6,1.6,3.9,8.7
2032-04,-8.5,2.0,2.2,4.7,6.1,10.7
2032-05,0.3,4.2,6.0,8.2,7.7,13.7
2032-06,5.7,6.9,9.4,12.0,11.1,17.5
2032-07,9.2,9.5,12.2,13.4,13.2,19.4
2032-08,9.5,10.8,12.8,12.8,13.8,20.4
2032-09,6.9,9.8,10.1,10.1,11.7,18.0
2032-10,1.8,7.0,4.2,4.4,7.3,11.3
2032-11,-1.5,3.8,0.9,-0.4,3.4,7.1
2032-12,-5.4,1.6,-3.3,-3.6,1.3,6.5
2033-01,-10.8,0.2,-4.8,-1.8,0.7,6.8
2033-02,-15.2,-0.5,-2.7,-0.2,3.1,7.6
2033-03,-11.6,0.8,-1.5,-0.4,2.0,7.9
2033-04,-6.2,2.4,1.8,3.6,5.5,10.2
2033-05,0.8,4.1,6.0,9.2,10.0,14.3
2033-06,6.2,6.5,10.1,13.4,12.1,16.8
2033-07,9.1,9.6,13.0,15.6,15.4,19.2
2033-08,9.9,11.3,13.9,14.6,14.4,19.6
2033-09,6.8,10.1,10.6,10.3,11.7,17.3
2033-10,2.0,6.4,4.4,4.7,7.7,11.6
2033-11,-1.1,2.9,0.6,-0.6,3.8,8.2
2033-12,-4.6,0.7,-1.4,-0.9,2.4,5.6
2034-01,-10.3,-0.0,-4.0,-2.4,-0.1,5.4
2034-02,-13.9,-0.6,-2.6,-0.7,2.8,7.6
2034-03,-10.4,0.3,-0.0,2.5,4.5,9.7
2034-04,-7.8,2.0,2.0,5.0,6.5,10.5
2034-05,-0.6,4.3,5.9,8.3,7.9,12.5
2034-06,6.4,7.1,10.4,14.3,12.2,16.2
2034-07,10.5,9.2,13.2,15.3,14.6,18.6
2034-08,10.1,10.1,13.1,13.6,14.5,19.3
2034-09,7.1,9.9,10.8,10.1,11.7,16.5
2034-10,2.5,7.0,5.2,6.0,8.7,13.0
2034-11,0.3,3.1,1.7,0.5,3.5,8.1
2034-12,-3.2,1.5,-1.7,-2.7,0.0,6.0
2035-01,-8.1,0.3,-2.6,-2.6,-2.3,4.9
2035-02,-14.9,-0.2,-4.0,-2.0,0.9,7.9
2035-03,-11.6,0.6,-1.4,0.1,2.2,7.7
2035-04,-7.7,2.5,2.0,3.7,4.7,9.7
2035-05,-0.5,4.6,5.5,8.0,8.2,13.9
2035-06,5.6,6.9,9.0,12.3,11.7,16.4
2035-07,9.5,9.3,11.8,14.2,14.8,19.5
2035-08,9.9,11.2,12.8,13.8,15.1,20.7
2035-09,7.2,10.5,10.1,9.6,11.9,17.8
2035-10,3.5,7.0,5.5,5.5,6.5,10.8
2035-11,0.1,3.4,1.0,-1.0,2.2,7.6
2035-12,-2.7,1.9,-1.5,-3.3,-1.3,4.2
2036-01,-9.6,-0.1,-3.6,-1.9,-0.5,6.1
2036-02,-12.6,-0.3,-3.0,-1.1,0.3,7.0
2036-03,-12.3,0.8,-1.7,0.4,3.7,8.9
2036-04,-7.8,2.6,1.3,4.4,6.1,11.0
2036-05,-0.4,4.7,5.5,8.5,8.5,13.8
2036-06,5.2,7.0,10.0,12.8,12.2,17.8
2036-07,9.4,10.4,12.9,14.6,14.0,20.0
2036-08,9.8,11.7,13.1,13.8,14.5,19.4
2036-09,7.5,10.5,10.7,10.8,11.8,16.9
2036-10,2.5,6.5,4.7,6.0,7.6,11.4
2036-11,-0.4,3.7,0.4,-1.2,2.2,7.6
2036-12,-2.3,1.9,-1.5,-1.7,0.3,4.7
2037-01,-10.6,-0.3,-1.8,-0.8,0.2,5.9
2037-02,-14.9,-0.3,-3.4,-0.2,3.6,8.7
2037-03,-11.0,0.8,2.1,4.5,4.9,8.9
2037-04,-6.9,2.4,3.5,6.8,7.9,12.6
2037-05,0.5,4.8,6.9,9.3,9.6,14.1
2037-06,6.8,7.0,10.8,14.6,12.6,15.9
2037-07,10.7,10.0,13.0,15.0,14.1,20.0
2037-08,10.2,11.4,13.4,13.5,14.7,20.4
2037-09,7.2,10.5,10.9,10.3,11.4,16.8
2037-10,1.4,7.1,3.9,5.7,8.3,11.8
2037-11,0.3,3.6,1.4,-0.1,1.8,7.2
2037-12,-2.9,1.3,-1.4,-2.2,0.4,5.1
2038-01,-7.9,0.2,-2.2,-0.9,-0.5,4.5
2038-02,-12.1,0.4,-3.8,-3.1,0.9,6.9
2038-03,-11.9,0.9,-0.1,3.3,4.3,9.5
2038-04,-8.3,2.3,2.0,5.2,6.4,10.8
2038-05,1.5,4.7,6.7,9.0,8.7,14.3
2038-06,6.2,7.1,9.6,13.0,11.7,16.7
2038-07,9.6,9.7,12.9,14.7,13.9,19.9
2038-08,9.8,10.9,13.1,13.5,14.4,21.2
2038-09,7.2,9.7,11.0,10.7,12.2,17.9
2038-10,2.3,7.0,5.1,5.4,7.7,13.0
2038-11,-0.4,3.9,1.7,-0.4,2.7,8.2
2038-12,-2.3,1.3,1.7,2.9,3.9,6.3
2039-01,-9.5,0.5,-2.9,-2.2,-1.2,4.7
2039-02,-9.6,0.2,-0.9,0.1,2.1,7.7
2039-03,-11.7,1.0,0.9,2.3,3.9,8.6
2039-04,-8.2,2.5,1.7,2.5,5.7,10.8
2039-05,0.9,4.6,6.5,8.7,8.8,13.7
2039-06,7.2,6.9,9.8,13.1,11.6,16.2
2039-07,10.7,9.4,13.4,15.3,14.6,20.1
2039-08,10.5,10.2,13.6,14.1,15.0,19.8
2039-09,7.2,9.8,10.8,10.3,12.1,17.2
2039-10,2.9,6.6,5.7,7.5,9.1,12.9
2039-11,-1.1,2.7,2.0,2.7,5.8,9.4
2039-12,-5.0,0.8,-0.7,-0.3,3.3,6.5
2040-01,-8.3,0.0,-1.6,0.6,1.2,6.5
2040-02,-10.5,-0.1,0.2,3.7,4.9,8.9
2040-03,-11.7,0.4,1.8,3.1,3.6,8.6
2040-04,-7.5,2.0,2.9,4.7,6.8,10.7
2040-05,1.6,4.6,7.7,10.4,10.6,14.7
2040-06,7.2,7.2,11.2,14.5,12.8,16.7
2040-07,10.1,10.2,13.4,15.1,14.1,19.5
2040-08,10.4,11.0,14.5,14.9,14.8,20.2
2040-09,7.2,10.0,11.3,10.5,12.4,18.0
2040-10,2.1,6.8,5.0,5.0,7.9,12.0
2040-11,-1.0,3.1,2.3,1.5,4.2,8.3
2040-12,-2.6,2.1,-0.7,-3.0,-0.1,5.9
2041-01,-8.5,0.4,-3.8,-4.1,-2.4,5.3
2041-02,-13.8,0.0,-2.1,-0.3,1.8,7.5
2041-03,-14.5,0.4,-0.4,1.6,3.8,8.8
2041-04,-9.3,2.5,2.6,5.0,6.7,11.0
2041-05,0.6,4.4,6.1,9.3,9.1,14.1
2041-06,6.9,7.0,10.1,13.5,12.2,16.6
2041-07,9.8,9.4,12.8,15.1,14.5,19.2
2041-08,9.8,10.7,13.3,14.6,14.6,20.3
2041-09,6.5,9.8,10.2,9.7,12.1,17.6
2041-10,1.7,6.5,4.4,6.4,8.6,12.7
2041-11,-1.0,3.9,-1.2,-2.3,1.5,7.7
2041-12,-4.5,1.7,-2.2,-2.4,0.5,5.3
2042-01,-6.4,0.2,-2.3,-0.6,-0.1,5.1
2042-02,-12.6,-0.5,-2.0,0.2,3.0,8.8
2042-03,-11.0,0.8,0.5,2.1,4.6,8.6
2042-04,-7.8,2.8,2.1,4.8,6.3,11.1
2042-05,0.4,4.7,6.3,9.1,9.4,13.7
2042-06,6.5,7.3,9.7,13.1,11.7,17.8
2042-07,9.9,9.5,13.6,15.8,14.8,19.3
2042-08,10.6,10.9,13.5,14.2,15.6,19.7
2042-09,7.8,10.0,10.6,10.8,11.8,16.2
2042-10,3.3,6.6,6.1,7.2,9.2,13.2
2042-11,-1.7,2.8,-0.2,-1.7,4.4,8.7
2042-12,-1.6,1.0,-0.6,-3.0,-0.8,4.9
2043-01,-9.0,-0.2,-2.2,-2.2,-0.2,5.4
2043-02,-10.9,-0.4,-1.8,-0.1,2.2,7.4
2043-03,-9.8,1.0,0.0,0.5,3.4,8.7
2043-04,-5.1,2.6,3.1,4.9,6.0,10.0
2043-05,1.1,5.0,6.5,8.5,8.7,14.2
2043-06,6.4,7.3,10.9,14.4,13.0,16.9
2043-07,10.5,9.5,13.7,16.3,14.5,20.0
2043-08,10.3,11.3,13.6,14.2,14.2,19.8
2043-09,8.1,10.7,11.4,10.4,11.5,15.8
2043-10,3.4,7.3,5.2,6.1,8.6,12.6
2043-11,0.3,4.2,1.0,-0.2,3.5,7.9
2043-12,-0.4,2.0,-0.9,-3.9,-1.0,4.7
2044-01,-6.8,0.2,-1.1,1.3,1.9,6.6
2044-02,-11.7,0.2,-1.8,0.1,2.7,7.7
2044-03,-11.2,0.3,2.0,4.0,5.4,10.4
2044-04,-5.7,2.6,3.3,6.2,8.0,12.0
2044-05,0.6,4.6,6.9,9.4,9.6,15.0
2044-06,7.2,7.1,11.7,15.4,13.3,16.8
2044-07,10.6,10.1,14.0,15.5,15.3,19.5
2044-08,10.6,12.0,13.8,13.4,14.7,20.5
2044-09,8.1,11.0,12.1,11.5,13.0,18.3
2044-10,3.3,7.1,6.0,6.9,9.2,13.6
2044-11,-1.4,3.9,1.3,-1.1,3.7,8.7
2044-12,-5.3,1.7,-2.6,-2.8,0.9,6.5
2045-01,-11.5,0.1,-1.7,0.5,1.1,6.9
2045-02,-11.8,0.5,-3.5,-3.1,0.8,7.8
2045-03,-13.2,0.8,-0.9,1.0,3.8,9.6
2045-04,-5.6,2.8,2.7,4.7,6.5,11.2
2045-05,1.6,4.9,6.4,9.3,9.7,14.2
2045-06,7.1,7.6,10.6,14.0,12.7,17.2
2045-07,10.4,9.5,13.7,15.6,15.3,19.2
2045-08,10.4,10.8,13.9,14.0,15.0,20.5
2045-09,7.5,10.1,11.0,11.0,12.7,17.6
2045-10,2.5,6.9,4.3,4.7,7.3,11.9
2045-11,0.2,3.9,1.1,0.4,3.9,9.1
2045-12,-1.5,1.3,0.3,1.4,3.4,6.9
2046-01,-6.8,0.7,-0.9,-0.2,0.0,5.0
2046-02,-13.5,0.2,-2.8,-0.7,1.7,8.6
2046-03,-10.0,0.7,1.5,4.2,5.1,9.9
2046-04,-6.1,2.3,3.1,5.0,7.3,11.9
2046-05,1.4,4.4,6.8,9.4,9.3,13.9
2046-06,6.5,7.2,10.5,13.6,13.1,18.6
2046-07,11.1,10.1,13.5,14.8,14.5,20.6
2046-08,11.0,11.7,13.9,14.4,15.0,20.7
2046-09,7.5,10.5,10.8,10.5,11.9,17.7
2046-10,3.0,6.9,5.4,6.1,8.0,12.8
2046-11,0.5,3.4,2.0,1.0,3.8,8.1
2046-12,-0.8,1.6,-0.2,-1.3,1.2,5.8
2047-01,-6.2,0.7,-1.3,-0.1,0.4,5.2
2047-02,-9.5,0.3,-0.9,0.7,0.7,7.0
2047-03,-7.3,0.8,2.4,4.1,4.3,9.1
2047-04,-7.0,2.5,2.8,4.6,6.8,11.4
2047-05,1.2,4.7,7.1,9.4,9.1,14.3
2047-06,7.5,7.3,10.7,14.0,12.6,17.9
2047-07,10.7,9.8,13.2,15.4,14.0,19.5
2047-08,10.9,11.0,14.0,14.4,14.8,19.7
2047-09,8.7,10.4,11.5,10.7,11.8,17.1
2047-10,3.5,7.3,5.5,6.4,7.7,12.0
2047-11,0.5,3.8,1.3,-0.3,3.0,8.1
2047-12,-0.4,1.5,0.5,0.6,3.5,5.7
2048-01,-8.7,0.8,-3.5,-2.7,1.1,6.4
2048-02,-9.5,-0.2,-1.4,1.1,4.2,8.7
2048-03,-11.4,1.0,0.7,2.5,3.3,8.7
2048-04,-7.3,2.6,2.3,4.6,5.4,10.6
2048-05,0.6,4.8,6.2,9.1,9.6,15.0
2048-06,6.2,7.6,10.4,13.8,12.3,17.7
2048-07,9.9,10.2,13.4,14.8,14.2,19.7
2048-08,10.0,11.7,13.4,14.0,14.8,20.3
2048-09,7.0,10.7,10.3,10.2,11.9,17.4
2048-10,1.8,6.9,4.2,5.2,7.9,12.1
2048-11,-0.8,3.3,1.3,0.7,4.6,8.8
2048-12,-1.9,1.6,0.8,-0.2,1.6,6.5
2049-01,-7.3,-0.2,-0.0,0.3,-1.3,5.2
2049-02,-10.7,0.3,-1.9,-0.4,2.2,7.6
2049-03,-14.3,0.5,-0.4,3.4,4.5,9.3
2049-04,-6.0,2.5,2.4,4.5,5.9,11.3
2049-05,1.2,4.5,6.9,9.6,10.0,14.7
2049-06,7.0,7.1,11.0,14.2,12.8,17.5
2049-07,10.8,9.4,14.3,16.4,14.6,19.7
2049-08,11.5,10.6,14.7,15.7,15.7,19.9
2049-09,8.8,10.1,12.0,11.4,12.8,17.7
2049-10,3.4,6.5,5.7,7.3,9.5,13.7
2049-11,1.0,2.9,1.9,0.2,3.7,9.3
2049-12,-2.8,1.3,0.5,-1.1,0.9,4.7
2050-01,-8.0,0.1,-2.4,-0.8,0.1,6.3
2050-02,-13.4,-0.1,-2.3,-1.6,2.6,7.5
2050-03,-10.5,1.4,0.1,2.6,4.0,9.0
2050-04,-4.8,2.7,3.1,5.1,6.5,11.4
2050-05,2.2,4.9,6.7,9.6,9.3,14.1
2050-06,6.8,7.2,10.7,14.1,12.9,17.7
2050-07,10.4,10.1,13.4,15.2,14.9,20.6
2050-08,10.6,11.1,13.5,14.1,15.5,20.6
2050-09,7.4,10.9,10.3,9.1,11.6,17.3
2050-10,2.2,7.5,4.7,5.3,7.6,11.6
2050-11,-0.3,4.0,1.0,-0.6,4.0,8.7
2050-12,-0.7,1.5,-0.6,-0.3,1.3,6.0
2051-01,-6.8,0.2,-3.9,-2.5,-0.2,5.5
2051-02,-12.7,0.0,-3.9,-2.4,3.1,8.3
2051-03,-8.2,0.9,1.0,3.2,3.4,8.5
2051-04,-5.6,2.7,3.1,5.9,6.6,11.2
2051-05,2.4,4.8,7.7,10.3,9.8,13.9
2051-06,8.2,7.4,11.3,14.1,12.5,17.0
2051-07,11.2,10.2,14.0,16.3,15.8,20.7
2051-08,11.5,11.4,14.2,14.8,15.5,20.8
2051-09,9.3,11.0,11.9,11.0,12.5,17.2
2051-10,4.1,7.4,6.4,7.0,9.2,13.0
2051-11,1.1,3.7,2.6,3.0,5.0,9.1
2051-12,-0.6,1.1,0.7,-0.1,1.7,6.4
2052-01,-7.3,0.3,-1.8,0.4,2.4,7.0
2052-02,-9.7,-0.4,0.1,1.2,1.9,7.1
2052-03,-11.7,0.3,-0.4,3.0,4.7,10.0
2052-04,-6.0,2.6,3.9,6.5,6.7,10.9
2052-05,1.6,4.6,7.7,10.8,10.1,15.2
2052-06,7.2,6.9,11.1,14.9,13.7,17.5
2052-07,10.3,9.7,13.5,15.4,15.5,21.0
2052-08,11.0,11.3,13.8,14.3,15.6,21.8
2052-09,8.2,10.2,11.3,11.2,13.2,19.0
2052-10,2.8,6.8,5.8,6.7,9.2,13.9
2052-11,0.4,3.7,2.7,0.5,3.6,8.5
2052-12,-1.9,1.2,-1.3,-2.1,2.7,7.2
2053-01,-7.3,0.9,-1.9,-1.6,-1.9,4.4
2053-02,-10.3,0.5,-2.7,-2.2,0.6,8.0
2053-03,-13.0,0.5,-0.6,0.7,3.3,9.0
2053-04,-5.3,2.8,4.0,6.9,7.4,11.6
2053-05,1.3,4.8,6.8,10.1,9.8,15.6
2053-06,6.3,7.6,10.5,13.4,12.2,17.8
2053-07,10.6,10.3,13.2,15.7,14.7,20.1
2053-08,11.6,11.3,14.2,14.8,14.8,20.2
2053-09,7.9,10.5,11.1,10.5,12.6,18.6
2053-10,2.8,7.3,5.3,6.2,8.5,13.0
2053-11,0.5,3.9,1.7,0.0,3.2,7.8
2053-12,-4.2,1.8,-1.1,-0.4,2.9,6.6
2054-01,-9.0,0.8,-2.6,-1.8,0.1,6.5
2054-02,-12.8,0.4,-3.3,-2.1,2.0,8.2
2054-03,-11.0,0.7,0.9,3.6,4.1,9.7
2054-04,-5.8,2.5,3.9,6.6,7.7,12.3
2054-05,0.8,5.0,6.4,9.3,8.9,14.1
2054-06,6.8,7.2,9.8,13.0,11.7,17.6
2054-07,10.5,10.1,12.9,16.1,14.6,21.1
2054-08,10.5,11.4,13.9,14.4,14.6,20.7
2054-09,7.0,10.7,10.5,10.8,12.7,18.9
2054-10,3.0,7.1,5.3,6.2,8.4,12.5
2054-11,0.5,3.6,2.0,0.2,3.8,8.8
2054-12,-2.2,1.4,0.1,-1.0,2.2,6.7
2055-01,-10.5,0.3,-1.7,-0.4,2.0,7.0
2055-02,-11.9,0.4,-1.8,1.6,4.0,9.9
2055-03,-9.5,1.0,1.6,3.5,5.0,10.6
2055-04,-6.6,3.0,3.2,6.1,7.9,12.2
2055-05,0.6,5.0,6.8,9.3,9.2,14.2
2055-06,6.5,7.3,10.6,14.4,13.2,17.5
2055-07,10.5,9.8,13.7,15.5,15.0,20.3
2055-08,11.0,11.3,14.2,14.3,14.9,20.7
2055-09,8.2,10.7,11.6,10.8,12.6,17.3
2055-10,2.6,7.5,5.1,6.7,8.8,13.1
2055-11,1.1,4.2,3.2,3.0,4.9,8.8
2055-12,-1.6,1.7,0.8,0.4,3.6,7.8
2056-01,-7.0,0.8,-3.1,-2.4,-0.7,7.6
2056-02,-12.7,0.0,-3.0,-1.8,2.5,8.2
2056-03,-9.9,1.1,0.3,1.9,3.0,8.8
2056-04,-4.6,2.7,3.2,6.0,7.0,10.9
2056-05,1.2,4.8,6.9,10.2,10.5,14.2
2056-06,7.1,7.2,10.7,15.4,14.2,18.1
2056-07,10.4,10.2,13.1,15.6,15.5,21.0
2056-08,10.3,11.5,13.9,14.4,15.2,21.5
2056-09,7.3,10.9,10.5,10.1,12.2,18.6
2056-10,3.3,7.1,4.9,6.5,8.9,13.0
2056-11,0.6,3.9,2.4,0.1,2.6,7.6
2056-12,-1.3,1.7,-1.7,-0.9,2.2,5.9
2057-01,-6.5,0.5,-2.6,-0.0,-0.4,6.6
2057-02,-12.7,0.1,-2.8,-1.3,2.3,8.0
2057-03,-10.8,1.1,-0.3,1.6,2.6,7.8
2057-04,-5.9,2.8,3.0,5.1,6.0,10.7
2057-05,0.6,5.2,6.2,9.4,8.9,13.5
2057-06,6.3,7.3,10.1,13.5,12.0,17.8
2057-07,10.1,10.4,12.6,14.6,14.6,20.5
2057-08,10.8,12.5,13.1,13.4,14.6,20.2
2057-09,8.0,10.9,11.2,10.5,12.3,18.1
2057-10,3.6,7.8,5.3,5.8,8.2,12.5
2057-11,0.1,4.2,0.3,-0.2,4.2,9.7
2057-12,-4.5,1.7,-0.6,0.2,4.0,7.8
2058-01,-9.1,0.8,-2.9,-2.3,0.3,7.2
2058-02,-11.5,0.3,-1.9,-0.1,2.0,7.7
2058-03,-11.3,1.2,-0.3,1.8,3.2,9.1
2058-04,-7.4,2.4,1.6,4.0,5.5,10.2
2058-05,1.2,4.9,7.1,9.6,8.9,14.4
2058-06,6.7,7.4,11.0,14.5,13.2,16.8
2058-07,10.2,10.1,13.7,15.5,14.5,20.9
2058-08,10.7,11.7,14.1,14.8,15.2,20.7
2058-09,7.5,10.7,10.6,10.5,12.6,18.2
2058-10,2.7,7.2,5.2,6.4,9.2,13.8
2058-11,-1.0,4.1,-0.3,-1.4,3.1,9.1
2058-12,-5.2,2.2,-3.2,-4.8,0.2,6.1
2059-01,-9.1,1.1,-3.8,-4.0,-1.1,6.7
2059-02,-9.4,-0.1,-1.6,0.0,2.3,8.6
2059-03,-13.3,0.9,-0.4,2.9,4.8,10.4
2059-04,-7.9,2.9,1.3,3.5,5.8,11.1
2059-05,0.2,4.8,6.2,8.8,9.2,14.0
2059-06,6.7,7.4,9.7,13.0,12.5,18.2
2059-07,10.0,10.1,12.7,15.0,14.6,20.4
2059-08,10.0,12.4,13.5,13.9,15.1,20.9
2059-09,8.2,11.2,11.4,11.6,12.3,16.9
2059-10,2.8,7.7,4.6,5.2,7.1,11.8
2059-11,-0.1,4.0,2.3,2.5,5.2,9.1
2059-12,-2.2,2.0,1.4,1.1,2.5,7.0
2060-01,-6.6,1.0,0.2,0.3,0.1,6.2
2060-02,-10.9,0.0,-1.5,-1.3,2.9,8.3
2060-03,-10.1,0.3,2.1,4.5,5.8,9.8
2060-04,-6.1,3.1,4.5,6.4,8.1,11.9
2060-05,1.7,4.8,7.7,9.9,10.0,14.2
2060-06,7.0,7.6,10.7,14.2,12.8,18.3
2060-07,10.0,10.3,13.2,15.1,15.1,19.6
2060-08,10.6,12.1,13.9,14.5,15.7,21.2
2060-09,7.7,11.0,11.8,11.1,12.8,17.3
2060-10,2.8,7.5,5.8,5.9,8.3,12.2
2060-11,-0.3,3.5,1.8,-0.4,4.1,8.5
2060-12,-2.6,1.5,-1.5,-0.3,2.3,6.5
2061-01,-5.7,0.8,-0.8,0.2,-0.5,3.9
2061-02,-8.6,0.9,0.2,0.1,1.0,6.9
2061-03,-11.1,1.0,-0.2,1.0,3.2,8.6
2061-04,-5.9,3.1,3.1,4.8,6.3,11.4
2061-05,1.1,4.8,7.4,10.0,9.2,13.6
2061-06,7.3,7.6,11.2,14.6,12.6,17.2
2061-07,10.8,9.7,14.3,16.4,14.9,19.9
2061-08,11.0,11.2,14.2,14.3,15.2,20.8
2061-09,7.9,10.7,11.6,10.7,12.4,17.5
2061-10,3.1,7.5,5.6,5.5,7.8,12.7
2061-11,-0.2,3.8,2.1,1.3,4.6,8.5
2061-12,-2.3,1.4,-0.4,-0.8,1.9,6.1
2062-01,-8.7,0.8,-4.2,-1.8,0.2,6.1
2062-02,-11.7,0.5,-2.3,-1.0,0.4,7.6
2062-03,-11.1,0.8,0.2,2.5,4.1,9.8
2062-04,-5.7,3.0,3.4,6.1,6.7,12.0
2062-05,1.1,5.0,7.4,9.8,9.5,14.1
2062-06,7.3,8.0,11.1,14.0,12.4,18.5
2062-07,10.4,10.6,13.7,15.5,15.1,20.4
2062-08,11.2,12.0,14.3,14.8,15.3,21.2
2062-09,7.7,11.3,11.2,11.1,13.2,18.0
2062-10,3.4,7.6,5.5,6.8,8.1,12.0
2062-11,-0.2,4.5,1.6,-0.7,3.6,9.3
2062-12,-1.9,2.1,-0.1,-1.1,2.4,7.5
2063-01,-7.2,1.1,-3.5,-2.7,-0.2,6.8
2063-02,-9.9,0.6,-1.3,0.5,2.6,7.6
2063-03,-9.2,1.0,1.2,4.5,4.3,9.1
2063-04,-5.0,3.2,3.5,6.6,8.0,12.3
2063-05,1.6,5.2,7.2,10.7,10.5,14.8
2063-06,7.4,7.7,11.0,14.4,12.5,18.0
2063-07,11.5,10.2,14.5,16.2,15.0,19.8
2063-08,11.2,11.6,14.3,14.3,15.3,20.8
2063-09,8.1,10.8,11.5,10.5,12.9,17.7
2063-10,3.6,7.6,6.7,7.4,9.6,14.6
2063-11,0.4,4.2,2.1,1.0,5.1,8.3
2063-12,1.2,2.9,0.1,-2.1,-3.2,2.1
2064-01,-5.1,1.2,-1.2,-1.8,-0.9,6.1
2064-02,-11.2,0.3,-2.6,-1.2,2.9,8.6
2064-03,-12.2,0.3,-0.2,1.0,4.1,9.0
2064-04,-5.1,3.2,3.1,5.4,6.6,11.3
2064-05,1.7,5.3,7.5,9.8,9.8,14.1
2064-06,7.1,7.8,10.3,13.5,12.4,17.3
2064-07,10.3,10.4,13.5,15.0,14.6,20.3
2064-08,11.3,11.8,13.7,14.3,14.7,20.2
2064-09,8.2,10.7,11.1,10.6,11.9,17.9
2064-10,4.0,7.2,5.9,7.6,8.6,13.2
2064-11,1.2,3.4,2.4,2.4,4.9,9.0
2064-12,1.0,1.7,1.2,0.5,2.2,6.6
2065-01,-3.9,0.8,-1.2,-0.9,-0.2,6.2
2065-02,-9.2,0.4,-0.4,0.4,2.0,7.6
2065-03,-9.1,1.2,0.3,1.4,3.5,8.9
2065-04,-5.7,2.8,3.4,5.9,6.6,11.0
2065-05,1.9,5.3,6.8,9.6,10.0,14.2
2065-06,7.7,7.8,11.4,15.8,13.4,17.1
2065-07,11.5,10.6,14.5,15.9,15.1,20.8
2065-08,11.6,12.0,14.8,14.7,15.0,20.7
2065-09,9.1,11.0,12.4,12.1,13.2,17.9
2065-10,4.0,7.5,5.7,6.3,8.7,13.1
2065-11,1.4,3.7,2.9,1.4,3.3,8.6
2065-12,1.0,2.3,1.0,-0.6,-0.7,4.2
2066-01,-5.4,0.7,-1.2,-0.1,1.6,7.3
2066-02,-11.0,0.5,-1.8,-0.3,2.8,9.1
2066-03,-11.3,1.5,-1.0,0.8,3.8,9.5
2066-04,-5.1,3.2,3.6,7.1,8.3,12.2
2066-05,2.0,5.0,6.7,10.3,10.2,14.0
2066-06,8.0,8.1,11.2,14.8,13.0,17.5
2066-07,11.7,10.1,14.5,17.3,16.1,19.9
2066-08,11.8,11.9,14.5,14.7,15.4,20.4
2066-09,8.1,11.0,11.8,11.9,13.0,18.3
2066-10,3.3,7.1,5.4,6.4,8.4,12.7
2066-11,0.6,3.5,3.1,2.1,4.3,8.3
2066-12,-1.8,1.4,0.1,-0.8,2.2,6.3
2067-01,-4.1,1.1,-0.4,0.8,0.4,6.6
2067-02,-10.3,0.8,-0.8,1.3,4.2,9.1
2067-03,-11.3,1.3,0.9,2.2,4.7,9.7
2067-04,-5.1,3.1,4.4,5.5,6.7,10.9
2067-05,1.3,5.2,7.3,9.3,9.1,14.2
2067-06,7.0,7.7,11.5,13.4,11.8,17.5
2067-07,10.4,10.0,13.9,15.8,15.3,21.1
2067-08,10.1,11.8,13.6,14.1,14.6,20.7
2067-09,7.8,10.6,11.2,10.0,12.1,17.1
2067-10,3.0,7.1,5.7,6.4,8.4,12.9
2067-11,1.0,3.8,2.2,1.2,4.5,9.4
2067-12,-2.2,1.9,-1.4,-1.1,1.8,6.6
2068-01,-9.1,0.4,-0.6,0.8,1.9,7.7
2068-02,-12.0,0.2,-3.2,-1.3,3.3,9.1
2068-03,-12.9,0.7,-1.1,1.7,4.9,9.3
2068-04,-5.3,3.1,2.6,5.6,6.8,11.0
2068-05,1.7,5.2,7.0,10.1,10.1,14.7
2068-06,6.9,7.7,10.3,14.3,13.3,18.4
2068-07,10.8,10.8,13.7,16.5,15.4,20.2
2068-08,11.1,12.4,13.8,14.5,14.4,19.6
2068-09,8.6,11.1,11.6,10.7,12.0,16.9
2068-10,4.3,7.7,6.8,7.4,8.2,12.2
2068-11,0.3,4.1,2.2,1.8,5.0,9.3
2068-12,-0.7,1.9,-0.1,-0.3,1.7,5.9
2069-01,-6.4,1.0,-2.6,-2.1,-0.2,5.2
2069-02,-10.4,0.2,-0.2,1.2,2.4,8.0
2069-03,-7.9,1.1,2.5,4.9,5.2,9.3
2069-04,-4.8,3.2,4.2,6.2,6.8,10.7
2069-05,1.9,5.1,7.5,10.9,10.2,15.0
2069-06,7.4,7.9,11.7,15.5,13.6,17.0
2069-07,11.4,10.7,14.7,17.1,15.3,19.8
2069-08,11.3,12.2,14.5,14.6,15.1,20.3
2069-09,8.3,11.6,11.7,11.3,12.7,17.5
2069-10,3.0,8.2,5.6,4.8,7.9,12.3
2069-11,1.0,4.7,2.3,0.9,3.4,7.8
2069-12,-1.8,2.0,0.3,-0.9,1.7,5.2
2070-01,-6.8,0.5,-0.4,1.1,1.7,6.7
2070-02,-8.7,0.3,-0.1,1.2,3.0,7.8
2070-03,-10.2,1.1,2.3,3.8,4.8,9.2
2070-04,-6.2,2.9,3.7,5.7,7.2,11.1
2070-05,0.2,5.1,7.4,9.3,9.3,14.3
2070-06,7.7,7.8,11.4,14.2,12.7,17.4
2070-07,10.8,10.6,15.0,15.7,14.2,20.3
2070-08,11.6,12.0,15.4,15.0,14.9,19.9
2070-09,8.3,11.5,12.0,11.4,12.5,17.0
2070-10,3.4,7.5,6.4,6.6,8.7,12.8
2070-11,0.3,3.8,2.5,0.6,3.8,7.7
2070-12,-0.4,1.7,0.0,-0.5,1.1,6.0
2071-01,-6.5,0.9,-2.5,-3.9,-1.4,5.8
2071-02,-9.6,0.3,-1.3,0.8,3.3,7.6
2071-03,-8.6,1.1,1.3,2.6,3.9,9.9
2071-04,-7.1,2.9,3.1,5.3,7.2,11.6
2071-05,1.1,5.1,7.5,9.0,8.9,13.9
2071-06,7.3,7.6,11.5,14.0,12.8,17.9
2071-07,10.7,10.2,14.4,15.9,15.2,20.8
2071-08,10.8,11.9,14.4,15.0,16.2,21.2
2071-09,7.8,10.9,11.4,11.1,12.5,18.4
2071-10,3.0,7.3,5.9,8.3,9.7,14.3
2071-11,0.7,4.4,2.7,2.6,6.0,9.8
2071-12,0.7,1.5,0.8,0.8,1.2,6.1
2072-01,-4.0,0.7,0.3,1.0,1.4,6.4
2072-02,-9.2,0.7,-1.6,-1.4,2.1,7.4
2072-03,-9.4,1.5,1.3,3.3,4.1,8.6
2072-04,-5.3,3.0,3.1,5.9,6.6,10.9
2072-05,1.3,5.1,6.9,9.5,9.3,14.4
2072-06,7.4,7.5,10.8,14.6,13.2,18.1
2072-07,11.3,10.2,14.2,15.8,14.7,20.1
2072-08,11.2,12.1,13.9,14.2,15.2,20.8
2072-09,9.0,11.5,11.9,11.4,12.5,18.3
2072-10,3.9,8.2,6.1,6.0,8.4,12.6
2072-11,0.9,4.1,2.2,0.0,3.9,9.1
2072-12,0.3,1.9,0.4,-1.4,1.1,5.4
2073-01,-3.2,0.5,-0.9,0.3,-0.2,5.5
2073-02,-9.0,0.5,-0.6,0.9,3.0,8.7
2073-03,-10.1,1.1,-0.0,1.9,3.9,9.2
2073-04,-5.4,3.1,4.1,5.7,7.3,11.7
2073-05,1.6,5.1,8.1,9.7,10.0,15.2
2073-06,8.1,8.2,12.2,14.5,12.4,18.5
2073-07,11.6,10.3,14.6,16.0,15.3,20.9
2073-08,11.5,11.9,15.1,15.3,15.8,21.5
2073-09,8.8,11.1,12.4,11.7,13.2,19.0
2073-10,4.4,7.4,7.5,8.5,9.0,12.9
2073-11,1.1,4.1,2.3,0.3,3.3,8.5
2073-12,-0.6,2.8,0.6,-0.4,0.8,5.6
2074-01,-5.5,1.3,-2.9,-2.0,-0.2,5.7
2074-02,-9.5,1.1,-1.7,-0.7,1.2,7.6
2074-03,-10.8,1.3,0.9,4.5,4.8,9.3
2074-04,-5.1,2.9,3.6,6.0,6.6,10.6
2074-05,1.6,5.2,7.2,10.4,9.2,14.2
2074-06,8.0,8.0,11.5,15.4,13.6,17.9
2074-07,11.2,10.4,13.8,16.2,15.3,20.0
2074-08,11.6,11.8,14.8,15.0,15.7,21.3
2074-09,8.9,11.2,11.9,10.9,12.8,18.5
2074-10,3.3,8.1,5.1,6.2,8.5,13.1
2074-11,0.5,4.2,1.7,1.0,4.6,9.7
2074-12,-0.1,2.1,0.0,-0.5,2.4,7.6
2075-01,-5.6,0.8,-0.3,-0.5,1.7,6.6
2075-02,-7.8,0.4,0.4,1.8,3.6,8.8
2075-03,-8.3,1.5,2.2,4.3,4.8,8.7
2075-04,-6.0,2.8,2.8,5.1,7.1,11.5
2075-05,2.0,4.9,7.8,10.3,9.9,15.3
2075-06,7.1,7.7,11.5,15.1,13.0,17.8
2075-07,11.3,10.2,14.8,16.2,15.3,20.7
2075-08,11.2,11.8,14.7,15.0,15.1,21.1
2075-09,8.6,11.3,12.0,11.3,12.6,17.0
2075-10,3.9,7.6,6.0,6.7,8.8,13.1
2075-11,1.8,4.1,3.6,3.0,3.4,8.0
2075-12,0.3,2.0,0.7,0.1,2.7,6.9
2076-01,-3.2,1.0,0.1,2.3,1.4,7.0
2076-02,-7.3,0.7,-0.0,1.3,3.4,8.5
2076-03,-8.2,1.1,2.3,4.7,5.7,10.0
2076-04,-4.7,3.1,4.4,7.0,8.0,12.4
2076-05,1.7,5.5,7.4,10.1,10.1,16.0
2076-06,8.3,8.1,12.2,15.0,13.5,18.1
2076-07,12.2,10.5,15.3,16.5,15.1,21.1
2076-08,12.3,11.8,15.5,15.8,16.2,21.6
2076-09,9.1,11.0,12.3,12.3,13.4,18.4
2076-10,4.3,7.4,6.8,7.8,9.4,13.6
2076-11,2.2,3.8,2.7,3.0,6.3,9.2
2076-12,0.8,2.2,1.0,1.8,4.0,8.1
2077-01,-2.8,0.7,-0.5,0.5,1.1,6.6
2077-02,-8.1,0.9,-1.9,-0.8,1.6,7.8
2077-03,-10.1,1.5,0.8,1.8,3.4,8.9
2077-04,-5.2,3.7,3.6,5.6,6.5,11.2
2077-05,1.4,5.4,6.6,9.7,9.4,14.3
2077-06,7.9,7.9,11.6,15.0,12.5,18.1
2077-07,11.4,11.4,14.6,16.9,14.9,20.6
2077-08,11.6,12.6,14.8,15.0,15.5,20.6
2077-09,8.8,11.3,12.2,11.9,13.5,18.8
2077-10,3.8,7.6,6.6,8.0,9.5,13.4
2077-11,0.3,4.4,2.9,1.9,5.1,8.7
2077-12,-2.6,2.2,0.6,-0.5,1.0,5.2
2078-01,-5.7,0.5,-1.6,-0.7,1.0,6.9
2078-02,-9.6,0.5,-0.7,0.2,1.6,6.9
2078-03,-10.0,1.5,2.0,3.5,5.0,9.6
2078-04,-7.2,3.2,2.5,4.4,6.3,11.3
2078-05,-0.1,5.4,6.4,8.8,8.9,14.8
2078-06,6.7,8.5,11.4,14.6,13.9,17.6
2078-07,10.5,11.1,14.3,15.4,14.6,21.3
2078-08,10.7,12.4,14.6,15.4,16.4,20.9
2078-09,8.4,11.4,12.1,11.3,13.1,17.5
2078-10,3.7,7.7,5.6,6.8,9.1,12.8
2078-11,1.9,4.4,2.4,0.1,3.4,8.1
2078-12,-0.9,2.4,-0.8,-1.0,3.5,7.9
2079-01,-4.5,0.6,-1.6,-1.0,0.3,6.8
2079-02,-7.8,0.7,-0.5,0.2,2.6,7.5
2079-03,-9.0,1.7,1.1,3.2,4.5,9.3
2079-04,-6.1,3.5,3.0,5.4,7.3,11.6
2079-05,2.2,5.5,7.6,10.6,10.3,15.2
2079-06,7.7,8.0,10.9,14.1,13.1,18.1
2079-07,11.3,10.5,13.2,14.7,14.8,21.2
2079-08,10.7,12.1,14.1,14.4,15.4,20.8
2079-09,8.6,11.0,12.0,11.7,13.0,18.5
2079-10,3.9,7.9,5.8,6.2,8.6,12.7
2079-11,2.2,3.4,3.2,3.2,5.7,10.0
2079-12,2.4,2.6,1.3,0.6,0.1,4.3
2080-01,-3.9,1.2,-1.3,-0.2,1.5,6.2
2080-02,-11.6,1.0,-3.3,-1.6,3.3,7.7
2080-03,-9.8,1.9,0.2,2.1,2.8,9.0
2080-04,-7.6,3.2,2.5,6.5,7.0,11.4
2080-05,2.2,5.5,7.2,9.8,9.4,14.4
2080-06,7.2,8.6,11.4,15.2,13.7,17.9
2080-07,11.5,11.3,14.5,17.6,16.8,20.3
2080-08,11.3,12.0,14.9,15.2,15.4,21.8
2080-09,8.6,11.0,11.7,11.2,13.0,18.6
2080-10,3.7,8.2,5.8,6.1,8.7,13.0
2080-11,0.3,4.3,2.9,1.3,4.4,8.9
2080-12,-0.8,2.9,-0.6,-2.4,-0.2,5.4
2081-01,-4.7,1.8,-0.0,0.6,0.6,7.2
2081-02,-9.5,0.9,-2.4,-1.5,2.7,8.2
2081-03,-8.0,2.1,0.2,1.3,2.8,9.1
2081-04,-4.6,3.3,4.1,6.6,7.3,11.9
2081-05,2.0,5.6,7.7,10.0,9.7,15.0
2081-06,8.2,8.1,11.6,15.0,13.6,18.6
2081-07,12.2,10.5,14.3,15.6,14.9,21.3
2081-08,11.6,12.3,14.8,14.7,15.7,21.3
2081-09,8.8,11.0,12.2,11.6,12.9,19.1
2081-10,4.0,7.5,7.0,6.9,8.6,12.6
2081-11,1.3,4.3,2.6,0.6,3.9,9.0
2081-12,-2.0,1.5,-0.4,-0.5,2.0,6.4
2082-01,-8.1,1.1,-2.0,0.1,0.7,6.0
2082-02,-8.7,0.5,-1.5,-1.2,1.2,7.6
2082-03,-9.7,1.7,1.0,2.0,3.9,8.7
2082-04,-6.3,3.0,3.7,6.4,7.8,12.9
2082-05,2.0,4.9,7.0,9.5,9.3,14.4
2082-06,7.0,7.6,11.1,14.3,13.6,17.4
2082-07,10.4,10.6,13.7,14.9,14.5,19.9
2082-08,10.8,12.3,14.3,14.7,15.4,20.9
2082-09,8.9,11.1,12.1,11.8,13.2,19.0
2082-10,4.0,7.9,7.2,7.9,9.0,13.8
2082-11,1.0,4.5,3.6,3.2,6.6,10.3
2082-12,-0.3,2.6,-0.0,-1.9,0.8,6.7
2083-01,-3.1,1.4,-0.8,-0.9,0.2,6.9
2083-02,-8.7,0.6,-1.4,1.6,4.1,9.4
2083-03,-9.7,1.6,2.3,4.7,5.8,10.6
2083-04,-5.9,3.5,3.5,6.4,7.6,11.7
2083-05,1.3,5.4,6.9,10.1,10.6,15.2
2083-06,6.8,8.2,11.5,15.3,13.2,17.9
2083-07,11.4,11.0,14.5,16.4,14.8,19.7
2083-08,11.8,12.6,14.8,14.8,15.9,21.5
2083-09,9.1,11.3,12.4,12.2,13.3,18.3
2083-10,3.3,8.2,5.1,6.0,9.3,14.0
2083-11,0.3,3.8,1.9,1.6,5.4,9.4
2083-12,0.9,2.2,0.4,1.2,3.4,7.6
2084-01,-3.6,1.0,-0.1,1.2,2.1,7.5
2084-02,-8.6,0.5,0.0,1.3,3.7,9.3
2084-03,-10.8,1.2,1.2,3.3,5.8,10.3
2084-04,-5.3,3.0,3.6,7.1,7.9,12.6
2084-05,1.4,5.1,7.4,9.6,10.4,14.9
2084-06,8.4,7.7,11.9,15.1,13.2,18.1
2084-07,11.6,10.8,13.9,14.9,15.1,21.2
2084-08,12.1,12.1,14.5,14.9,15.4,20.9
2084-09,8.5,11.4,11.9,11.6,12.8,18.6
2084-10,3.6,8.1,5.6,6.5,8.8,13.8
2084-11,0.8,4.0,2.9,0.7,3.6,8.2
2084-12,-0.8,2.0,0.9,-0.4,2.2,5.8
2085-01,-1.9,1.7,0.4,-0.6,-3.2,3.9
2085-02,-9.2,0.9,-1.4,-0.7,2.7,8.3
2085-03,-9.6,1.6,1.5,1.7,3.3,9.0
2085-04,-4.0,3.4,4.0,6.3,7.1,11.5
2085-05,2.5,5.5,7.6,10.0,10.3,15.8
2085-06,8.2,8.8,11.4,14.7,13.3,18.0
2085-07,11.7,11.6,13.9,15.5,14.8,20.6
2085-08,12.4,12.9,14.5,14.4,15.1,21.1
2085-09,8.2,11.7,11.0,10.9,12.8,18.1
2085-10,4.0,8.2,5.5,6.6,8.6,12.6
2085-11,0.5,4.3,1.8,-0.8,4.0,9.0
2085-12,-2.5,2.4,-1.3,-3.0,-0.2,5.8
2086-01,-7.3,0.9,-1.5,1.2,2.1,6.0
2086-02,-6.7,0.9,-0.7,1.4,3.4,7.8
2086-03,-8.7,1.3,1.6,4.2,5.2,10.0
2086-04,-7.0,3.2,3.2,5.5,7.6,12.1
2086-05,1.3,5.4,6.8,9.3,10.1,15.8
2086-06,7.2,7.8,10.7,13.7,12.6,18.4
2086-07,10.8,10.4,13.9,16.5,15.5,19.9
2086-08,10.6,12.0,13.9,14.4,15.3,21.2
2086-09,7.9,11.3,11.3,11.1,12.4,18.7
2086-10,4.1,7.5,5.6,7.2,8.4,12.6
2086-11,1.0,3.7,1.9,2.1,4.3,9.4
2086-12,0.6,2.5,0.2,-0.5,0.7,5.6
2087-01,-4.6,1.3,-2.0,-0.6,-0.5,5.9
2087-02,-11.9,0.3,-1.1,0.4,2.4,8.7
2087-03,-10.4,1.4,1.2,3.8,5.1,10.1
2087-04,-5.2,3.1,3.6,7.0,8.0,11.8
2087-05,2.6,5.1,8.1,10.1,9.6,14.5
2087-06,7.8,7.2,11.0,15.6,13.8,18.2
2087-07,11.1,10.3,14.0,15.8,15.3,20.8
2087-08,11.9,11.9,14.7,15.3,15.3,20.9
2087-09,9.6,11.8,12.1,11.3,12.8,17.1
2087-10,4.4,8.5,6.5,7.1,8.1,12.3
2087-11,1.7,4.6,2.3,0.9,3.8,8.4
2087-12,1.3,2.8,0.4,0.4,1.9,5.4
2088-01,-4.7,1.6,-2.0,-2.9,-2.4,4.9
2088-02,-7.8,0.9,-2.7,-2.3,0.1,6.6
2088-03,-7.9,1.6,-0.4,0.1,1.9,7.7
2088-04,-5.8,3.2,2.9,4.6,7.0,11.7
2088-05,0.8,5.3,6.4,9.0,8.8,14.0
2088-06,7.0,8.1,10.2,14.2,12.8,17.2
2088-07,10.9,10.9,13.2,15.3,15.5,19.9
2088-08,11.3,12.4,14.0,14.2,15.4,21.4
2088-09,8.1,11.2,11.5,10.7,12.3,17.8
2088-10,3.6,7.8,5.2,6.1,8.9,13.3
2088-11,1.1,4.6,2.4,1.0,3.3,8.1
2088-12,-0.2,2.6,0.2,-1.0,0.6,5.1
2089-01,-5.5,1.6,-2.4,-0.3,1.6,7.1
2089-02,-9.1,0.9,-2.5,-0.4,2.9,7.9
2089-03,-9.5,2.2,0.5,1.7,3.8,8.8
2089-04,-5.3,3.6,3.6,6.2,7.6,11.8
2089-05,1.5,5.6,6.5,9.6,10.1,14.8
2089-06,7.6,8.0,11.2,14.6,12.7,17.6
2089-07,11.2,10.4,13.7,15.3,14.4,20.8
2089-08,11.3,11.9,14.0,14.3,15.1,21.7
2089-09,8.7,11.2,11.8,11.4,12.7,18.2
2089-10,4.0,8.0,6.4,7.4,8.9,13.2
2089-11,1.0,3.2,2.7,3.0,6.3,10.5
2089-12,0.8,2.4,0.6,-1.1,0.1,6.4
2090-01,-4.5,1.0,-1.7,-0.6,0.9,5.9
2090-02,-8.7,0.3,-1.1,0.7,4.1,9.1
2090-03,-12.4,1.0,0.8,1.8,3.7,9.4
2090-04,-7.1,3.1,3.0,5.0,6.9,11.4
2090-05,0.5,5.1,7.3,10.2,10.1,16.1
2090-06,6.6,7.9,11.4,14.9,12.4,17.9
2090-07,10.5,10.6,14.3,16.4,15.4,21.4
2090-08,10.8,11.7,15.2,15.2,16.2,22.3
2090-09,8.1,10.9,11.6,11.2,13.2,18.7
2090-10,3.3,7.5,5.8,6.8,9.3,13.5
2090-11,1.0,3.5,3.4,3.8,5.2,8.9
2090-12,0.3,2.3,0.1,-1.1,1.3,4.7
2091-01,-5.2,1.5,-1.8,-0.9,-0.5,6.3
2091-02,-9.7,1.2,0.2,1.1,3.1,9.3
2091-03,-8.3,1.6,2.0,3.7,4.3,9.4
2091-04,-4.7,3.0,4.5,7.8,8.5,12.8
2091-05,2.6,5.5,7.8,11.2,10.5,14.5
2091-06,8.0,8.0,11.5,14.8,13.2,18.0
2091-07,11.7,10.6,14.1,16.2,15.3,20.0
2091-08,11.8,12.1,15.2,15.1,15.3,20.7
2091-09,8.8,11.1,11.3,10.5,11.8,17.5
2091-10,4.0,7.6,6.4,7.8,8.6,12.8
2091-11,1.1,4.1,3.5,1.4,3.8,8.4
2091-12,1.1,1.6,2.1,3.5,4.6,7.2
2092-01,-4.7,0.9,-1.0,-1.2,0.9,7.5
2092-02,-11.1,0.5,-0.3,1.1,4.0,9.3
2092-03,-8.9,1.2,2.0,3.6,5.1,8.8
2092-04,-6.7,3.2,3.8,6.0,7.8,11.8
2092-05,1.0,5.2,8.0,10.4,10.9,15.1
2092-06,6.4,7.5,11.9,15.5,14.8,18.3
2092-07,10.8,10.7,14.7,16.3,15.8,20.9
2092-08,11.4,12.8,14.8,14.7,15.4,21.2
2092-09,8.9,11.4,12.4,11.8,13.1,18.5
2092-10,4.2,8.0,5.9,7.6,9.9,14.5
2092-11,0.6,3.8,3.1,2.4,6.4,9.5
2092-12,-1.8,2.0,0.4,-2.2,1.8,6.3
2093-01,-6.5,0.4,-1.3,-1.4,-0.3,6.9
2093-02,-9.4,0.9,-3.7,-3.5,0.3,8.0
2093-03,-7.7,1.6,1.2,4.1,4.6,10.0
2093-04,-5.6,2.9,3.6,5.8,6.1,10.7
2093-05,1.6,5.1,6.5,9.3,9.1,14.1
2093-06,7.2,7.8,10.2,12.4,11.3,17.4
2093-07,11.6,10.9,14.1,15.9,14.7,19.6
2093-08,12.2,12.1,14.8,15.3,15.3,20.5
2093-09,8.9,11.2,11.9,11.0,12.2,17.9
2093-10,4.5,8.7,5.8,6.2,8.2,12.7
2093-11,2.2,4.6,2.8,3.4,4.9,9.4
2093-12,-0.1,1.4,0.3,-1.0,2.2,7.1
2094-01,-4.3,0.5,-0.9,-0.1,0.2,6.4
2094-02,-7.7,0.7,-0.1,1.6,4.6,9.3
2094-03,-8.5,1.8,1.4,2.4,4.4,9.5
2094-04,-5.1,3.3,3.7,5.6,7.1,11.4
2094-05,1.4,5.3,7.4,9.4,8.9,13.9
2094-06,8.0,7.6,12.5,16.1,14.2,18.0
2094-07,12.3,10.5,15.6,16.4,15.2,21.1
2094-08,12.0,12.5,15.4,15.0,14.8,20.9
2094-09,9.1,11.1,12.4,11.4,12.4,17.9
2094-10,3.6,7.9,6.4,6.4,8.6,12.5
2094-11,1.8,4.6,2.5,1.1,4.6,9.1
2094-12,0.1,2.0,0.7,-0.3,2.6,7.3
2095-01,-5.5,0.9,-1.6,-0.7,0.9,6.4
2095-02,-8.1,0.8,0.4,1.7,3.7,8.3
2095-03,-7.8,1.4,2.6,3.5,5.3,10.1
2095-04,-5.4,3.3,2.9,5.4,6.5,10.9
2095-05,2.0,5.3,7.9,10.2,9.0,14.6
2095-06,7.2,8.0,11.4,15.0,12.6,17.9
2095-07,10.5,10.9,14.5,16.6,15.8,21.4
2095-08,10.8,12.5,14.6,15.2,16.1,20.9
2095-09,8.5,11.6,11.9,11.5,13.3,18.5
2095-10,3.9,7.7,7.2,8.5,9.9,14.4
2095-11,0.1,4.3,2.2,0.3,4.4,9.2
2095-12,0.3,2.1,1.4,3.0,2.8,6.8
2096-01,-3.5,1.3,-1.0,1.1,1.6,7.7
2096-02,-8.0,0.6,-1.6,-1.1,1.6,8.1
2096-03,-8.3,1.5,2.1,4.4,5.2,10.6
2096-04,-5.9,3.0,4.0,7.1,7.7,11.7
2096-05,2.0,5.2,8.2,10.8,10.6,14.5
2096-06,8.1,8.0,12.4,16.1,13.7,17.9
2096-07,11.9,10.2,14.9,17.2,16.4,20.1
2096-08,11.6,11.8,14.8,15.0,15.6,21.2
2096-09,8.5,11.0,12.2,10.7,12.4,18.3
2096-10,4.0,7.8,6.3,7.7,9.4,13.7
2096-11,2.3,4.4,2.5,2.8,5.7,10.2
2096-12,-0.3,2.4,0.5,0.4,2.9,8.1
2097-01,-3.8,1.6,0.5,1.3,-0.9,5.6
2097-02,-6.6,1.3,1.0,2.5,3.6,8.9
2097-03,-8.5,1.6,1.5,2.4,4.0,9.8
2097-04,-4.6,3.3,4.2,6.7,7.5,11.9
2097-05,1.6,5.3,7.7,10.9,10.8,15.7
2097-06,8.1,7.8,11.8,15.2,13.2,18.0
2097-07,11.7,10.6,15.2,16.5,15.0,21.1
2097-08,11.0,11.6,15.1,15.3,16.2,22.3
2097-09,8.8,11.1,11.9,11.4,12.7,18.4
2097-10,4.7,7.8,6.6,7.4,9.1,13.5
2097-11,1.9,4.0,2.6,1.7,4.7,9.5
2097-12,0.6,2.5,1.2,0.4,2.0,6.7
2098-01,-3.7,1.3,1.6,1.7,0.4,6.7
2098-02,-9.5,0.9,0.0,2.0,4.0,8.9
2098-03,-5.8,1.7,2.8,4.6,4.6,9.2
2098-04,-4.7,3.3,4.5,6.6,7.6,12.1
2098-05,2.0,5.2,7.9,10.2,9.8,14.6
2098-06,8.0,8.5,12.4,15.0,13.0,17.7
2098-07,11.1,11.0,15.1,16.7,15.5,20.9
2098-08,11.6,12.3,15.4,15.5,16.1,22.2
2098-09,7.9,11.0,12.3,11.7,14.0,19.9
2098-10,4.0,7.9,7.0,7.0,8.4,13.0
2098-11,1.3,4.4,2.8,0.8,3.5,8.5
2098-12,0.4,2.6,0.5,-0.1,1.4,6.3
2099-01,-4.8,1.8,-1.6,-1.2,0.1,6.9
2099-02,-9.7,1.0,-0.5,0.5,3.1,8.9
2099-03,-7.5,1.8,3.8,6.2,5.8,10.9
2099-04,-4.4,3.8,5.4,8.0,8.6,12.5
2099-05,2.5,5.6,8.5,10.6,9.8,15.6
2099-06,8.1,8.0,12.3,15.6,13.5,18.7
2099-07,12.0,10.8,14.9,15.7,14.9,21.1
2099-08,11.8,12.3,14.8,14.5,15.5,21.7
2099-09,8.6,12.0,12.2,10.6,12.5,18.4
2099-10,4.5,8.5,6.2,5.1,7.8,12.7
2099-11,1.1,4.4,2.6,1.5,4.1,8.9
2099-12,1.0,2.6,1.2,0.1,1.1,6.5
2100-01,-3.6,1.5,-0.3,-0.2,-0.2,6.1
2100-02,-6.8,1.2,0.6,1.9,3.8,8.9
2100-03,-8.0,2.3,3.0,4.8,5.2,10.4
2100-04,-4.3,3.4,4.8,7.2,8.3,12.5
2100-05,2.6,5.8,8.0,10.0,9.6,14.2
2100-06,8.3,8.4,10.9,13.9,13.1,18.4
2100-07,11.7,11.7,13.5,15.6,15.3,20.8
2100-08,11.2,12.8,14.1,14.3,15.9,21.2
2100-09,8.3,11.7,11.8,11.3,12.8,18.2
2100-10,3.5,7.9,6.5,7.6,9.3,12.8
2100-11,0.5,4.4,2.6,0.7,4.2,9.2
2100-12,-0.1,2.4,1.1,-0.3,2.7,6.3
